pool,dt_seconds,w_ticks,n_windows,sigma_median,sigma_min,sigma_max,pin_empirical_median,pin_empirical_p10,pin_empirical_p90,pin_gaussian_median,delta_median,delta_p10,delta_p90,frac_windows_emp_exceeds_gauss
0x3f0296bf652e19bca772ec3df08b32732f93014a,2,200,23,2.111157e-04,7.415453e-05,4.717622e-04,1.000000,1.000000,1.000000,1.000000,0.000000,0.000000,0.000000,0.000000
0x3f0296bf652e19bca772ec3df08b32732f93014a,2,500,23,2.111157e-04,7.415453e-05,4.717622e-04,1.000000,1.000000,1.000000,1.000000,0.000000,0.000000,0.000000,0.000000
0x3f0296bf652e19bca772ec3df08b32732f93014a,2,1000,23,2.111157e-04,7.415453e-05,4.717622e-04,1.000000,1.000000,1.000000,1.000000,0.000000,0.000000,0.000000,0.000000
0x3f0296bf652e19bca772ec3df08b32732f93014a,10,200,23,2.111157e-04,7.415453e-05,4.717622e-04,1.000000,1.000000,1.000000,1.000000,0.000000,0.000000,0.000000,0.086957
0x3f0296bf652e19bca772ec3df08b32732f93014a,10,500,23,2.111157e-04,7.415453e-05,4.717622e-04,1.000000,1.000000,1.000000,1.000000,0.000000,0.000000,0.000000,0.000000
0x3f0296bf652e19bca772ec3df08b32732f93014a,10,1000,23,2.111157e-04,7.415453e-05,4.717622e-04,1.000000,1.000000,1.000000,1.000000,0.000000,0.000000,0.000000,0.000000
0x3f0296bf652e19bca772ec3df08b32732f93014a,30,200,23,2.111157e-04,7.415453e-05,4.717622e-04,1.000000,0.999911,1.000000,1.000000,0.000000,-0.000089,0.000000,0.347826
0x3f0296bf652e19bca772ec3df08b32732f93014a,30,500,23,2.111157e-04,7.415453e-05,4.717622e-04,1.000000,1.000000,1.000000,1.000000,0.000000,0.000000,0.000000,0.000000
0x3f0296bf652e19bca772ec3df08b32732f93014a,30,1000,23,2.111157e-04,7.415453e-05,4.717622e-04,1.000000,1.000000,1.000000,1.000000,0.000000,0.000000,0.000000,0.000000
0x3f0296bf652e19bca772ec3df08b32732f93014a,60,200,23,2.111157e-04,7.415453e-05,4.717622e-04,1.000000,0.999667,1.000000,1.000000,0.000000,-0.000043,0.000169,0.391304
0x3f0296bf652e19bca772ec3df08b32732f93014a,60,500,23,2.111157e-04,7.415453e-05,4.717622e-04,1.000000,1.000000,1.000000,1.000000,0.000000,0.000000,0.000000,0.086957
0x3f0296bf652e19bca772ec3df08b32732f93014a,60,1000,23,2.111157e-04,7.415453e-05,4.717622e-04,1.000000,1.000000,1.000000,1.000000,0.000000,0.000000,0.000000,0.000000
0x3f0296bf652e19bca772ec3df08b32732f93014a,120,200,23,2.111157e-04,7.415453e-05,4.717622e-04,0.999967,0.999256,1.000000,0.999999,0.000000,-0.000307,0.005692,0.565217
0x3f0296bf652e19bca772ec3df08b32732f93014a,120,500,23,2.111157e-04,7.415453e-05,4.717622e-04,1.000000,1.000000,1.000000,1.000000,0.000000,0.000000,0.000000,0.347826
0x3f0296bf652e19bca772ec3df08b32732f93014a,120,1000,23,2.111157e-04,7.415453e-05,4.717622e-04,1.000000,1.000000,1.000000,1.000000,0.000000,0.000000,0.000000,0.000000
0x3f0296bf652e19bca772ec3df08b32732f93014a,300,200,23,2.111157e-04,7.415453e-05,4.717622e-04,0.999653,0.992707,1.000000,0.998929,0.000072,-0.000006,0.055540,0.826087
0x3f0296bf652e19bca772ec3df08b32732f93014a,300,500,23,2.111157e-04,7.415453e-05,4.717622e-04,1.000000,0.999987,1.000000,1.000000,0.000000,0.000000,0.000011,0.478261
0x3f0296bf652e19bca772ec3df08b32732f93014a,300,1000,23,2.111157e-04,7.415453e-05,4.717622e-04,1.000000,1.000000,1.000000,1.000000,0.000000,0.000000,0.000000,0.086957
0x3f0296bf652e19bca772ec3df08b32732f93014a,600,200,23,2.111157e-04,7.415453e-05,4.717622e-04,0.998442,0.978018,1.000000,0.985999,0.008199,0.000001,0.134330,0.956522
0x3f0296bf652e19bca772ec3df08b32732f93014a,600,500,23,2.111157e-04,7.415453e-05,4.717622e-04,1.000000,0.999347,1.000000,1.000000,0.000000,0.000000,0.000814,0.608696
0x3f0296bf652e19bca772ec3df08b32732f93014a,600,1000,23,2.111157e-04,7.415453e-05,4.717622e-04,1.000000,1.000000,1.000000,1.000000,0.000000,0.000000,0.000000,0.391304
0x3f0296bf652e19bca772ec3df08b32732f93014a,1800,200,23,2.111157e-04,7.415453e-05,4.717622e-04,0.980390,0.907501,0.999904,0.884061,0.086243,0.002543,0.274673,0.913043
0x3f0296bf652e19bca772ec3df08b32732f93014a,1800,500,23,2.111157e-04,7.415453e-05,4.717622e-04,0.999999,0.992807,1.000000,0.999124,0.000054,0.000000,0.049084,0.869565
0x3f0296bf652e19bca772ec3df08b32732f93014a,1800,1000,23,2.111157e-04,7.415453e-05,4.717622e-04,1.000000,1.000000,1.000000,1.000000,0.000000,0.000000,0.000189,0.565217
0x3f0296bf652e19bca772ec3df08b32732f93014a,3600,200,23,2.111157e-04,7.415453e-05,4.717622e-04,0.941173,0.791523,0.992956,0.763485,0.155265,0.016627,0.350005,0.956522
0x3f0296bf652e19bca772ec3df08b32732f93014a,3600,500,23,2.111157e-04,7.415453e-05,4.717622e-04,0.999977,0.977770,1.000000,0.987531,0.004846,0.000001,0.125198,1.000000
0x3f0296bf652e19bca772ec3df08b32732f93014a,3600,1000,23,2.111157e-04,7.415453e-05,4.717622e-04,1.000000,0.999944,1.000000,0.999992,0.000008,0.000000,0.005448,0.782609
0x3f0296bf652e19bca772ec3df08b32732f93014a,7200,200,23,2.111157e-04,7.415453e-05,4.717622e-04,0.862323,0.650328,0.977191,0.624726,0.201809,0.058341,0.356716,1.000000
0x3f0296bf652e19bca772ec3df08b32732f93014a,7200,500,23,2.111157e-04,7.415453e-05,4.717622e-04,0.998311,0.933116,1.000000,0.940495,0.036101,0.000290,0.224155,0.956522
0x3f0296bf652e19bca772ec3df08b32732f93014a,7200,1000,23,2.111157e-04,7.415453e-05,4.717622e-04,1.000000,0.996266,1.000000,0.999124,0.000709,0.000000,0.048247,0.956522
0x3f0296bf652e19bca772ec3df08b32732f93014a,21600,200,23,2.111157e-04,7.415453e-05,4.717622e-04,0.719606,0.417155,0.923621,0.419275,0.223227,0.121546,0.369260,0.956522
0x3f0296bf652e19bca772ec3df08b32732f93014a,21600,500,23,2.111157e-04,7.415453e-05,4.717622e-04,0.954073,0.772379,0.999999,0.771346,0.142282,0.021427,0.359936,0.956522
0x3f0296bf652e19bca772ec3df08b32732f93014a,21600,1000,23,2.111157e-04,7.415453e-05,4.717622e-04,1.000000,0.960132,1.000000,0.965821,0.030282,0.000042,0.186751,1.000000
0x3f0296bf652e19bca772ec3df08b32732f93014a,43200,200,23,2.111157e-04,7.415453e-05,4.717622e-04,0.576062,0.296240,0.796117,0.314860,0.239721,0.074527,0.343418,1.000000
0x3f0296bf652e19bca772ec3df08b32732f93014a,43200,500,23,2.111157e-04,7.415453e-05,4.717622e-04,0.932542,0.592970,0.997829,0.632957,0.161409,0.064602,0.434776,0.956522
0x3f0296bf652e19bca772ec3df08b32732f93014a,43200,1000,23,2.111157e-04,7.415453e-05,4.717622e-04,0.999365,0.887416,1.000000,0.890039,0.087483,0.002226,0.287049,1.000000
0xb2cc224c1c9fee385f8ad6a55b4d94e92359dc59,2,200,24,9.740072e-05,6.406796e-05,2.559421e-04,1.000000,1.000000,1.000000,1.000000,0.000000,0.000000,0.000000,0.000000
0xb2cc224c1c9fee385f8ad6a55b4d94e92359dc59,2,500,24,9.740072e-05,6.406796e-05,2.559421e-04,1.000000,1.000000,1.000000,1.000000,0.000000,0.000000,0.000000,0.000000
0xb2cc224c1c9fee385f8ad6a55b4d94e92359dc59,2,1000,24,9.740072e-05,6.406796e-05,2.559421e-04,1.000000,1.000000,1.000000,1.000000,0.000000,0.000000,0.000000,0.000000
0xb2cc224c1c9fee385f8ad6a55b4d94e92359dc59,10,200,24,9.740072e-05,6.406796e-05,2.559421e-04,1.000000,1.000000,1.000000,1.000000,0.000000,0.000000,0.000000,0.000000
0xb2cc224c1c9fee385f8ad6a55b4d94e92359dc59,10,500,24,9.740072e-05,6.406796e-05,2.559421e-04,1.000000,1.000000,1.000000,1.000000,0.000000,0.000000,0.000000,0.000000
0xb2cc224c1c9fee385f8ad6a55b4d94e92359dc59,10,1000,24,9.740072e-05,6.406796e-05,2.559421e-04,1.000000,1.000000,1.000000,1.000000,0.000000,0.000000,0.000000,0.000000
0xb2cc224c1c9fee385f8ad6a55b4d94e92359dc59,30,200,24,9.740072e-05,6.406796e-05,2.559421e-04,1.000000,1.000000,1.000000,1.000000,0.000000,0.000000,0.000000,0.000000
0xb2cc224c1c9fee385f8ad6a55b4d94e92359dc59,30,500,24,9.740072e-05,6.406796e-05,2.559421e-04,1.000000,1.000000,1.000000,1.000000,0.000000,0.000000,0.000000,0.000000
0xb2cc224c1c9fee385f8ad6a55b4d94e92359dc59,30,1000,24,9.740072e-05,6.406796e-05,2.559421e-04,1.000000,1.000000,1.000000,1.000000,0.000000,0.000000,0.000000,0.000000
0xb2cc224c1c9fee385f8ad6a55b4d94e92359dc59,60,200,24,9.740072e-05,6.406796e-05,2.559421e-04,1.000000,0.999867,1.000000,1.000000,0.000000,-0.000133,0.000000,0.041667
0xb2cc224c1c9fee385f8ad6a55b4d94e92359dc59,60,500,24,9.740072e-05,6.406796e-05,2.559421e-04,1.000000,1.000000,1.000000,1.000000,0.000000,0.000000,0.000000,0.000000
0xb2cc224c1c9fee385f8ad6a55b4d94e92359dc59,60,1000,24,9.740072e-05,6.406796e-05,2.559421e-04,1.000000,1.000000,1.000000,1.000000,0.000000,0.000000,0.000000,0.000000
0xb2cc224c1c9fee385f8ad6a55b4d94e92359dc59,120,200,24,9.740072e-05,6.406796e-05,2.559421e-04,1.000000,0.999611,1.000000,1.000000,0.000000,-0.000389,0.000000,0.083333
0xb2cc224c1c9fee385f8ad6a55b4d94e92359dc59,120,500,24,9.740072e-05,6.406796e-05,2.559421e-04,1.000000,1.000000,1.000000,1.000000,0.000000,0.000000,0.000000,0.000000
0xb2cc224c1c9fee385f8ad6a55b4d94e92359dc59,120,1000,24,9.740072e-05,6.406796e-05,2.559421e-04,1.000000,1.000000,1.000000,1.000000,0.000000,0.000000,0.000000,0.000000
0xb2cc224c1c9fee385f8ad6a55b4d94e92359dc59,300,200,24,9.740072e-05,6.406796e-05,2.559421e-04,1.000000,0.998173,1.000000,1.000000,0.000000,-0.001646,0.000000,0.333333
0xb2cc224c1c9fee385f8ad6a55b4d94e92359dc59,300,500,24,9.740072e-05,6.406796e-05,2.559421e-04,1.000000,1.000000,1.000000,1.000000,0.000000,0.000000,0.000000,0.000000
0xb2cc224c1c9fee385f8ad6a55b4d94e92359dc59,300,1000,24,9.740072e-05,6.406796e-05,2.559421e-04,1.000000,1.000000,1.000000,1.000000,0.000000,0.000000,0.000000,0.000000
0xb2cc224c1c9fee385f8ad6a55b4d94e92359dc59,600,200,24,9.740072e-05,6.406796e-05,2.559421e-04,0.999778,0.994984,1.000000,0.999997,-0.000015,-0.002494,0.000088,0.458333
0xb2cc224c1c9fee385f8ad6a55b4d94e92359dc59,600,500,24,9.740072e-05,6.406796e-05,2.559421e-04,1.000000,0.999907,1.000000,1.000000,0.000000,-0.000093,0.000000,0.083333
0xb2cc224c1c9fee385f8ad6a55b4d94e92359dc59,600,1000,24,9.740072e-05,6.406796e-05,2.559421e-04,1.000000,1.000000,1.000000,1.000000,0.000000,0.000000,0.000000,0.000000
0xb2cc224c1c9fee385f8ad6a55b4d94e92359dc59,1800,200,24,9.740072e-05,6.406796e-05,2.559421e-04,0.996464,0.973519,0.999994,0.996859,0.000470,-0.002916,0.047631,0.625000
0xb2cc224c1c9fee385f8ad6a55b4d94e92359dc59,1800,500,24,9.740072e-05,6.406796e-05,2.559421e-04,1.000000,0.998159,1.000000,1.000000,0.000000,-0.001752,0.000000,0.541667
0xb2cc224c1c9fee385f8ad6a55b4d94e92359dc59,1800,1000,24,9.740072e-05,6.406796e-05,2.559421e-04,1.000000,1.000000,1.000000,1.000000,0.000000,0.000000,0.000000,0.208333
0xb2cc224c1c9fee385f8ad6a55b4d94e92359dc59,3600,200,24,9.740072e-05,6.406796e-05,2.559421e-04,0.988154,0.935773,0.998324,0.973818,0.015793,-0.000316,0.132037,0.875000
0xb2cc224c1c9fee385f8ad6a55b4d94e92359dc59,3600,500,24,9.740072e-05,6.406796e-05,2.559421e-04,1.000000,0.988057,1.000000,0.999998,0.000000,-0.004173,0.000039,0.791667
0xb2cc224c1c9fee385f8ad6a55b4d94e92359dc59,3600,1000,24,9.740072e-05,6.406796e-05,2.559421e-04,1.000000,0.999973,1.000000,1.000000,0.000000,-0.000006,0.000000,0.250000
0xb2cc224c1c9fee385f8ad6a55b4d94e92359dc59,7200,200,24,9.740072e-05,6.406796e-05,2.559421e-04,0.962852,0.860752,0.986461,0.906693,0.049227,0.010532,0.202764,0.958333
0xb2cc224c1c9fee385f8ad6a55b4d94e92359dc59,7200,500,24,9.740072e-05,6.406796e-05,2.559421e-04,1.000000,0.975510,1.000000,0.999626,0.000122,-0.001661,0.011336,0.875000
0xb2cc224c1c9fee385f8ad6a55b4d94e92359dc59,7200,1000,24,9.740072e-05,6.406796e-05,2.559421e-04,1.000000,0.999260,1.000000,1.000000,0.000000,0.000000,0.000019,0.708333
0xb2cc224c1c9fee385f8ad6a55b4d94e92359dc59,21600,200,24,9.740072e-05,6.406796e-05,2.559421e-04,0.838496,0.649100,0.953005,0.715300,0.133849,0.032192,0.264868,0.958333
0xb2cc224c1c9fee385f8ad6a55b4d94e92359dc59,21600,500,24,9.740072e-05,6.406796e-05,2.559421e-04,0.990678,0.930444,1.000000,0.976225,0.013331,-0.003592,0.076535,0.833333
0xb2cc224c1c9fee385f8ad6a55b4d94e92359dc59,21600,1000,24,9.740072e-05,6.406796e-05,2.559421e-04,1.000000,0.996174,1.000000,0.999941,0.000045,0.000000,0.006319,0.958333
0xb2cc224c1c9fee385f8ad6a55b4d94e92359dc59,43200,200,24,9.740072e-05,6.406796e-05,2.559421e-04,0.717699,0.494197,0.912047,0.575954,0.155130,-0.000069,0.284786,0.875000
0xb2cc224c1c9fee385f8ad6a55b4d94e92359dc59,43200,500,24,9.740072e-05,6.406796e-05,2.559421e-04,0.945036,0.848293,0.999992,0.912038,0.062051,-0.013333,0.134270,0.875000
0xb2cc224c1c9fee385f8ad6a55b4d94e92359dc59,43200,1000,24,9.740072e-05,6.406796e-05,2.559421e-04,1.000000,0.996550,1.000000,0.997334,0.002296,0.000038,0.040657,0.958333
